#70	공통 로딩 버튼 및 입력창 텍스트 선택·포커스 처리 개선	데쿠	완료	2026-08-13	feat/common-ui-interactions	높음	전체	Android	Sprint6	아니오	#107
#69	연결 기기 온라인·오프라인·미연결 상태 모델링 보완	데쿠	완료	2026-08-12	feat/display-device-offline	매우높음	자녀모드	Android	Sprint6	예	#106
#68	프로필 깜빡임·사진 공유 흐름·앱 불러오기 미리보기 개선	데쿠	완료	2026-08-12	fix/child-ui-flow	높음	자녀모드	Android	Sprint6	아니오	#104
#67	알림 리다이렉트·최근 24시간 노출·건강/알림 새로고침 개선	원스톤	완료	2026-08-12	fix/qa_notification	매우높음	자녀모드	Android	Sprint6	예	#100
#66	온보딩 실제 ID·상태 조회·세션 유지 및 오류 UX 개선	원스톤	완료	2026-08-12	fix/qa_onboarding	매우높음	온보딩	Android	Sprint6	예	#98, #99
#65	시니어 가족 사진 목록·상세·읽음 처리 API 연동	원스톤	완료	2026-08-12	fix/qa_senior	높음	시니어모드	Android	Sprint6	예	#103
#64	설정 연결 기기 조회·새로고침·연결 해제 흐름 개선	데쿠	완료	2026-08-11	fix/setting-tab-improvements	높음	자녀모드	Android	Sprint6	예	#95
#63	화면 탭 새로고침·기본 앱 Intent·앱 표시명 처리 개선	데쿠	완료	2026-08-11	fix/display-tab-api	높음	자녀모드	Android	Sprint6	아니오	#93
#62	QA 진행을 위한 온보딩·자녀·시니어 기능 1차 통합	원스톤	완료	2026-08-11	develop	매우높음	전체	Android	Sprint6	아니오	#92
#61	위험 링크 검사 및 안전 링크 외부 브라우저 연결	원스톤	완료	2026-08-09	feat/notification-event-api-integration	매우높음	시니어모드	Android	Sprint5	예	#90
#60	시니어 기본 런처 전환 및 외출·귀가 감지 구현	원스톤	완료	2026-08-09	feat/notification-event-api-integration	매우높음	시니어모드	Android	Sprint5	예	#90
#59	알림 이벤트 API 및 전화·길찾기 상세 동작 연동	원스톤	완료	2026-08-09	feat/notification-event-api-integration	매우높음	자녀모드	Android	Sprint5	예	#90
#58	설치 앱 불러오기 및 기본 앱 실행 Intent 처리	데쿠	완료	2026-08-09	feat/display-tab-api-update	높음	자녀모드	Android	Sprint5	아니오	#89
#57	병원 월간·일간·다가오는 일정 CRUD API 연동	린린	완료	2026-08-09	feat/health-tab-api	매우높음	자녀모드	Android	Sprint5	예	#86
#56	복약 반복·복용 기간·선택 체크 API 연동	린린	완료	2026-08-09	feat/health-tab-api	매우높음	자녀모드	Android	Sprint5	예	#86
#55	설정 이름·비밀번호·프로필 이미지 변경 API 연동	린린	완료	2026-08-09	feat/settings-api	높음	자녀모드	Android	Sprint5	예	#84
#54	설정 로그아웃·회원 탈퇴 API 및 예외 처리 연동	린린	완료	2026-08-09	feat/settings-api	매우높음	자녀모드	Android	Sprint5	예	#84
#53	시니어 복약 목록·복용 확인 처리 API 연동	원스톤	완료	2026-08-09	feat/notification-event-api-integration	매우높음	시니어모드	Android	Sprint5	예	#90
#52	화면 탭 목 리포지터리 제거 및 기기 연결 해제 연동	데쿠	완료	2026-08-09	feat/display-tab-api-update	높음	자녀모드	Android	Sprint5	예	#89
#51	기기 연결 가이드 및 버튼 편집 UX 개선	데쿠	완료	2026-08-09	feat/display-tab-ui-update2	보통	자녀모드	Android	Sprint5	아니오	#81
#50	가족 초대·앱 설치 안내 카카오톡 공유 기능 연동	데쿠	완료	2026-08-09	feat/family-api	높음	자녀모드	Android	Sprint5	예	#79
#49	가족 구성원·앨범·사진 업로드 API 연동 및 안정화	데쿠	완료	2026-08-09	feat/family-api	매우높음	자녀모드	Android	Sprint5	예	#79
#48	소셜 로그인 및 온보딩 상태 초기화 구현	원스톤	완료	2026-08-09	feat/onboarding-flow-refactor	높음	온보딩	Android	Sprint5	예	#78
#47	로그인 역할 검증 및 액세스 토큰 재발급 처리	원스톤	완료	2026-08-09	feat/onboarding-token-save-temp	매우높음	온보딩	Android	Sprint5	예	#76
#46	가족 미연결 시 안내 화면 이동 및 시니어 홈 새로고침 구현	원스톤	완료	2026-08-02	feat/senior-home-refresh-family-code-redirect	높음	시니어모드	Android	Sprint4	예	#74
#45	가족 공유 코드 조회·생성·참여 API 연동	데쿠	완료	2026-08-02	feat/display-family-share-code	높음	온보딩	Android	Sprint4	예	#75
#44	연결 기기 상세 주소·날씨·기기 상태 연동 개선	데쿠	완료	2026-08-02	fix/display-tab-address-weather	높음	자녀모드	Android	Sprint4	예	#73
#43	시니어 앱 설치·기기 연결 안내 화면 및 이동 로직 구현	데쿠	완료	2026-08-02	feat/display-tab-ui-update	높음	자녀모드	Android	Sprint4	아니오	#61
#42	복약 관리·복약 알림 수신 및 복용 확인 API 연동	원스톤	완료	2026-08-02	feat/medication-reminder-api	매우높음	시니어모드	Android	Sprint4	예	#72
#41	긴급알림 위치 상세 및 카카오 지도 연결	원스톤	완료	2026-08-02	fix/notification-tab-toggle-ui	높음	시니어모드	Android	Sprint4	예	#70
#40	시니어 기기 온라인 상태 주기적 갱신 구현	원스톤	완료	2026-08-02	feat/parent-device-status	높음	시니어모드	Android	Sprint4	예	#69
#39	시니어 홈 정보 및 긴급알림 전송 API 연동	원스톤	완료	2026-08-02	feat/parent-screen-api-integration	매우높음	시니어모드	Android	Sprint4	예	#66
#38	자녀 알림 목록·상세 API 및 FCM 이벤트 연동	원스톤	완료	2026-08-02	feat/child-notification-api	매우높음	자녀모드	Android	Sprint4	예	#65
#37	FCM 권한 요청·토큰 등록·알림 수신 처리 구현	원스톤	완료	2026-08-02	feat/child-notification-api	매우높음	전체	Android	Sprint4	예	#65
#36	홈 화면 버튼 조회·추가·수정·삭제 API 연동	데쿠	완료	2026-08-02	feat/display-tab-api	매우높음	자녀모드	Android	Sprint4	예	#59
#35	네트워크 공통 설정 및 로그인 API 연동	원스톤	완료	2026-08-02	feat/users-signup-login-api	매우높음	온보딩	Android	Sprint4	예	#54
#34	프로젝트 패키지 구조 및 목데이터 저장소 정리	원스톤	완료	2026-08-02	refactor/project-package-structure	보통	전체	Android	Sprint4	아니오	#43, #50
#33	보조 담당자 관계 선택·직접 입력 흐름 구현	데쿠	완료	2026-07-26	feat/family-share-code-flow	보통	온보딩	Android	Sprint3	아니오	#46
#32	가족 탭·화면 탭 반응형 레이아웃 개선	데쿠	완료	2026-07-26	fix/family-display-tab-update	보통	자녀모드	Android	Sprint3	아니오	#55
#31	시니어 긴급알림·복약·위험 링크 세부 화면 구현	원스톤	완료	2026-07-26	feat/senior-mode-screen-ui	높음	시니어모드	Android	Sprint3	아니오	#41
#30	설정 계정 관리·도움말·문의 화면 세부 UI 구현	린린	완료	2026-07-26	feat/settings-screen	보통	자녀모드	Android	Sprint3	아니오	#38
#29	복약 일정 등록·상세·복용 시간 입력 UI 구현	린린	완료	2026-07-26	feat/health-tab-ui3	높음	자녀모드	Android	Sprint3	아니오	#82
#28	병원 일정 달력·등록·수정·삭제 플로우 구현	원스톤	완료	2026-07-26	feat/hospital-tab-ui	높음	자녀모드	Android	Sprint3	아니오	#35
#27	화면 탭 버튼 추가·편집·순서 변경 UI 구현	데쿠	완료	2026-07-26	feat/display-tab-screen	높음	자녀모드	Android	Sprint3	아니오	#37
#26	가족 사진 앨범·상세·사진 공유 흐름 구현	데쿠	완료	2026-07-26	feat/family-screen	높음	자녀모드	Android	Sprint3	아니오	#31
#25	알림 유형별 애니메이션 및 기기 상태 안내 UI 구현	원스톤	완료	2026-07-19	feat/notification-main-ui	보통	자녀모드	Android	Sprint2	아니오	#29
#24	알림 전체 내역 및 유형별 상세 화면 구현	원스톤	완료	2026-07-19	feat/notification-main-ui	높음	자녀모드	Android	Sprint2	아니오	#29
#23	자녀 인증 완료 후 메인 화면·바텀 네비게이션 연결	원스톤	완료	2026-07-19	feat/child-login-main-flow	높음	온보딩	Android	Sprint2	아니오	#27
#22	비밀번호 인증번호 확인 및 비밀번호 재설정 흐름 구현	린린	완료	2026-07-19	feat/find-password-screen	높음	온보딩	Android	Sprint2	아니오	#19
#21	아이디 찾기 입력·결과 화면 및 후속 네비게이션 구현	린린	완료	2026-07-19	feat/find-id-screen	보통	온보딩	Android	Sprint2	아니오	#17
